timestamp,node_cpu_usage_unknown,node_memory_usage_unknown,node_memory_total_unknown,node_disk_usage_unknown,node_disk_total_unknown,node_network_receive_bytes_unknown,node_network_transmit_bytes_unknown,pod_cpu_usage_kube-system_coredns-787d4945fb-9f95l,pod_cpu_usage_kube-system_coredns-787d4945fb-vpn8b,pod_cpu_usage_kube-system_etcd-minikube,pod_cpu_usage_kube-system_kube-apiserver-minikube,pod_cpu_usage_kube-system_kube-controller-manager-minikube,pod_cpu_usage_kube-system_kube-proxy-wx9p5,pod_cpu_usage_kube-system_kube-scheduler-minikube,pod_cpu_usage_kube-system_metrics-server-79467ff588-gnd4r,pod_cpu_usage_kube-system_storage-provisioner,pod_cpu_usage_ml-scenarios_stress-test-1742647808-5ba4b,pod_cpu_usage_ml-scenarios_stress-test-1742647815-5a406,pod_cpu_usage_ml-scenarios_stress-test-1742647816-f5fd3,pod_cpu_usage_monitoring_alertmanager-prometheus-kube-prometheus-alertmanager-0,pod_cpu_usage_monitoring_ml-predictor-547cb544b7-5j269,pod_cpu_usage_monitoring_prometheus-grafana-894dc54f-lbz6t,pod_cpu_usage_monitoring_prometheus-kube-prometheus-operator-74c7bdffd-8cltl,pod_cpu_usage_monitoring_prometheus-kube-state-metrics-5454b84d8c-x8nxn,pod_cpu_usage_monitoring_prometheus-prometheus-kube-prometheus-prometheus-0,pod_cpu_usage_monitoring_prometheus-prometheus-node-exporter-q999l,pod_cpu_usage_monitoring_thanos-query-8485c5c7fb-kjrq7,pod_cpu_usage_monitoring_thanos-query-frontend-5b76db67c4-lt92s,pod_memory_usage_kube-system_coredns-787d4945fb-9f95l,pod_memory_usage_kube-system_coredns-787d4945fb-vpn8b,pod_memory_usage_kube-system_etcd-minikube,pod_memory_usage_kube-system_kube-apiserver-minikube,pod_memory_usage_kube-system_kube-controller-manager-minikube,pod_memory_usage_kube-system_kube-proxy-wx9p5,pod_memory_usage_kube-system_kube-scheduler-minikube,pod_memory_usage_kube-system_metrics-server-79467ff588-gnd4r,pod_memory_usage_kube-system_storage-provisioner,pod_memory_usage_ml-scenarios_stress-test-1742647808-5ba4b,pod_memory_usage_ml-scenarios_stress-test-1742647815-5a406,pod_memory_usage_ml-scenarios_stress-test-1742647816-f5fd3,pod_memory_usage_monitoring_alertmanager-prometheus-kube-prometheus-alertmanager-0,pod_memory_usage_monitoring_ml-predictor-547cb544b7-5j269,pod_memory_usage_monitoring_prometheus-grafana-894dc54f-lbz6t,pod_memory_usage_monitoring_prometheus-kube-prometheus-operator-74c7bdffd-8cltl,pod_memory_usage_monitoring_prometheus-kube-state-metrics-5454b84d8c-x8nxn,pod_memory_usage_monitoring_prometheus-prometheus-kube-prometheus-prometheus-0,pod_memory_usage_monitoring_prometheus-prometheus-node-exporter-q999l,pod_memory_usage_monitoring_thanos-query-8485c5c7fb-kjrq7,pod_memory_usage_monitoring_thanos-query-frontend-5b76db67c4-lt92s,pod_restarts_kube-system_coredns-787d4945fb-9f95l,pod_restarts_kube-system_coredns-787d4945fb-vpn8b,pod_restarts_kube-system_etcd-minikube,pod_restarts_kube-system_kube-apiserver-minikube,pod_restarts_kube-system_kube-controller-manager-minikube,pod_restarts_kube-system_kube-proxy-wx9p5,pod_restarts_kube-system_kube-scheduler-minikube,pod_restarts_kube-system_metrics-server-79467ff588-gnd4r,pod_restarts_kube-system_storage-provisioner,pod_restarts_ml-scenarios_stress-test-1742647808-5ba4b,pod_restarts_ml-scenarios_stress-test-1742647815-5a406,pod_restarts_ml-scenarios_stress-test-1742647816-f5fd3,pod_restarts_monitoring_alertmanager-prometheus-kube-prometheus-alertmanager-0,pod_restarts_monitoring_ml-predictor-547cb544b7-5j269,pod_restarts_monitoring_prometheus-grafana-894dc54f-lbz6t,pod_restarts_monitoring_prometheus-kube-prometheus-operator-74c7bdffd-8cltl,pod_restarts_monitoring_prometheus-kube-state-metrics-5454b84d8c-x8nxn,pod_restarts_monitoring_prometheus-prometheus-kube-prometheus-prometheus-0,pod_restarts_monitoring_prometheus-prometheus-node-exporter-q999l,pod_restarts_monitoring_thanos-query-8485c5c7fb-kjrq7,pod_restarts_monitoring_thanos-query-frontend-5b76db67c4-lt92s,event_normal_count,event_warning_count,event_error_count,event_reason_killing,event_reason_created,event_reason_started,event_reason_backoff,event_reason_failed,event_reason_unhealthy,cluster_issue_type
2025-03-22 20:38:54,0.9686609686609658,3245219840.0,3997196288.0,326345555968.0,8652811853824.0,61103.452960401184,101141.04504840198,0.0113613328942611,0.0120289819984223,0.0567667961978916,0.2409041571474329,0.0480490843050766,0.0063270410947669,0.0157927719395693,0.0154085050773982,0.0063486562015588,0.0,0.0,0.0,0.0134210551479565,0.0326647925181747,0.0473365306172733,0.0107874406911691,0.0097795444705197,0.0920939198231011,0.0040689651388746,0.0027954529820697,0.0035247513038601,33767424.0,28233728.0,68722688.0,510685184.0,77660160.0,34869248.0,43991040.0,36913152.0,26791936.0,4833280.0,4698112.0,4825088.0,59629568.0,3411968.0,194387968.0,41775104.0,36515840.0,334184448.0,21323776.0,17317888.0,12038144.0,1.0,0.0,0.0,0.0,1.0,0.0,0.0,11.0,21.0,0.0,0.0,0.0,4.0,28.0,9.0,17.0,15.0,6.0,8.0,1.0,1.0,0,0,0,0,0,0,0,0,0,network
2025-03-22 20:06:08,0.9554376473852136,3158671360.0,3997196288.0,326496530432.0,8652811853824.0,60659.67193785546,103082.99694825913,0.0110411221793334,0.0105792890011282,0.0563343476654358,0.2164176112781613,0.0406122076187012,0.0062068132009361,0.0121855803655031,0.011442072988135,0.0095202176937086,0.0,0.0,0.0,0.0208876514778951,0.0515670202438141,0.0541519095258501,0.0074400537333886,0.0074906526558388,0.0724871274647632,0.0089309151425799,0.0056228892583624,0.0018619368579127,34291712.0,30154752.0,73203712.0,492576768.0,74485760.0,33214464.0,38125568.0,36900864.0,20901888.0,5406720.0,5230592.0,5337088.0,49545216.0,42897408.0,189784064.0,40837120.0,32518144.0,305131520.0,18227200.0,17678336.0,12525568.0,1.0,0.0,0.0,0.0,1.0,0.0,0.0,8.0,20.0,0.0,0.0,0.0,4.0,21.0,9.0,16.0,14.0,6.0,8.0,1.0,1.0,0,0,0,0,0,0,0,0,0,resource
2025-03-22 20:41:39,0.9722678392717062,3301072896.0,3997196288.0,326351876096.0,8652811853824.0,63125.20624273079,103671.33699386004,0.0083121847543892,0.0119391559161917,0.0558517467044128,0.2393267357898634,0.0514726041561585,0.006617134964538,0.012385887335787,0.0139167762440408,0.0100233421575115,0.0,0.0,0.0,0.0120446536912457,0.0322761227635342,0.0399939301093655,0.0076183682045079,0.0095599017286166,0.0859220707088688,0.0029101821187573,0.0030369714915538,0.0030842589777942,35635200.0,28151808.0,68407296.0,527933440.0,76025856.0,33935360.0,40845312.0,35008512.0,25337856.0,4833280.0,4706304.0,4825088.0,54517760.0,41930752.0,185040896.0,39227392.0,34484224.0,322772992.0,20635648.0,16736256.0,11915264.0,1.0,0.0,0.0,0.0,1.0,0.0,0.0,11.0,21.0,0.0,0.0,0.0,4.0,29.0,9.0,17.0,15.0,6.0,8.0,1.0,1.0,0,0,0,0,0,0,0,0,0,network
2025-03-22 20:05:23,1.038536878497233,3205292032.0,3997196288.0,326494093312.0,8652811853824.0,60793.11986389567,101521.34434238353,0.0106148056715828,0.0105779762152705,0.0560218043930189,0.2629283019700251,0.0394280148450165,0.0062136074700493,0.0115832766471977,0.0117011696702728,0.009544506520266,0.0,0.0,0.0,0.0226644456200426,0.0514099249999999,0.0528666354251183,0.0081487328289655,0.0078778936274457,0.0758344345226689,0.0088564812842813,0.0053500384520264,0.0034886771292491,34193408.0,30273536.0,73244672.0,492363776.0,73900032.0,33210368.0,37634048.0,36896768.0,20852736.0,5406720.0,5230592.0,5337088.0,48771072.0,43286528.0,187830272.0,40837120.0,32526336.0,323379200.0,17092608.0,17678336.0,12525568.0,1.0,0.0,0.0,0.0,1.0,0.0,0.0,8.0,20.0,0.0,0.0,0.0,4.0,21.0,9.0,16.0,14.0,6.0,8.0,1.0,1.0,0,0,0,0,0,0,0,0,0,resource
2025-03-22 20:03:08,1.018188914910226,3186671616.0,3997196288.0,326489219072.0,8652811853824.0,57347.0413739266,97620.47619047615,0.0084081702946548,0.0108572198196358,0.0560886317415992,0.227886406807839,0.0482634400895855,0.0054430883456158,0.0120355255739316,0.0100044944471563,0.0089477817629875,0.0,0.0,0.0,0.0123241313230551,0.0343801482066411,0.0475782333260887,0.0100400494147133,0.0075817300115172,0.0750627695022618,0.0058896761657571,0.0029797991111111,0.0038084479922559,36589568.0,29204480.0,74481664.0,520847360.0,73043968.0,32317440.0,39096320.0,37867520.0,22536192.0,5521408.0,5345280.0,5459968.0,49655808.0,46350336.0,189050880.0,43102208.0,34521088.0,313225216.0,17612800.0,18006016.0,12746752.0,1.0,0.0,0.0,0.0,1.0,0.0,0.0,8.0,20.0,0.0,0.0,0.0,4.0,20.0,9.0,16.0,14.0,6.0,8.0,1.0,1.0,6,75,0,0,1,1,1,0,1,resource
2025-03-22 20:04:08,0.7926032027289142,3194372096.0,3997196288.0,326491627520.0,8652811853824.0,56479.320425105085,95912.66455649267,0.0083198416288799,0.0094890436738996,0.0489083753394986,0.2039038720544607,0.0395847529043739,0.0063671807158326,0.0102275789502594,0.0106476243947916,0.0096021283181884,0.0,0.0,0.0,0.0195804634146341,0.0130731645489623,0.0486803860816521,0.0076718776238825,0.0074583809050009,0.0664576943650345,0.005604045957023,0.0031209700741744,0.0024825469104027,36429824.0,29667328.0,74895360.0,521482240.0,73719808.0,33611776.0,38748160.0,37699584.0,21872640.0,5505024.0,5324800.0,5439488.0,48001024.0,83394560.0,191074304.0,41365504.0,33841152.0,306835456.0,17113088.0,17952768.0,12713984.0,1.0,0.0,0.0,0.0,1.0,0.0,0.0,8.0,20.0,0.0,0.0,0.0,4.0,20.0,9.0,16.0,14.0,6.0,8.0,1.0,1.0,0,0,0,0,0,0,0,0,0,resource
2025-03-22 20:07:08,0.9639038452210192,3244199936.0,3997196288.0,326498938880.0,8652811853824.0,59650.00450422358,102163.99878039486,0.0114104041475197,0.0097635524964477,0.0476469401252546,0.2156390397477221,0.0362209372372962,0.0052430318409515,0.0110725277773924,0.0113581550952193,0.0059376508119059,0.0,0.0,0.0,0.0222961944856144,0.0512855575230067,0.0517319518344176,0.0061883990842783,0.0064407920698226,0.0671556365044814,0.0085463019464978,0.0057682611237904,0.0018575490672522,35143680.0,30093312.0,73261056.0,555212800.0,74506240.0,33964032.0,38002688.0,37527552.0,21356544.0,5386240.0,5238784.0,5337088.0,49111040.0,41213952.0,190050304.0,40833024.0,32514048.0,314404864.0,18747392.0,18018304.0,12615680.0,1.0,0.0,0.0,0.0,1.0,0.0,0.0,8.0,20.0,0.0,0.0,0.0,4.0,21.0,9.0,16.0,14.0,6.0,8.0,1.0,1.0,0,0,0,0,0,0,0,0,0,resource
2025-03-22 20:37:54,1.0732082448120377,3266654208.0,3997196288.0,326342975488.0,8652811853824.0,62446.46193163501,102202.51212757942,0.010641309279389,0.0163020196498801,0.0606586470016414,0.2037990224067237,0.0401558462581067,0.0066211992130498,0.0157459225976391,0.012461228373044,0.0066778754476373,0.0,0.0,0.0,0.0092699076060116,0.0311562328098972,0.0553658327203099,0.0103553624531857,0.0117444283478964,0.0832125967508131,0.0043625609098729,0.0030683094640378,0.0035787417799678,34676736.0,29327360.0,68362240.0,532529152.0,75735040.0,32108544.0,43655168.0,35491840.0,26607616.0,4833280.0,4698112.0,4825088.0,58662912.0,3411968.0,197787648.0,41881600.0,36012032.0,341438464.0,21159936.0,17317888.0,12042240.0,1.0,0.0,0.0,0.0,1.0,0.0,0.0,11.0,21.0,0.0,0.0,0.0,4.0,28.0,9.0,17.0,15.0,6.0,8.0,1.0,1.0,23,113,0,1,1,1,1,0,1,network
2025-03-22 20:04:23,0.7926032027289142,3194372096.0,3997196288.0,326491627520.0,8652811853824.0,56479.320425105085,95912.66455649267,0.0090793056570727,0.009624099855977,0.0522988422473425,0.2037033357344134,0.0390442785850078,0.0062087429450646,0.0107849155979884,0.0099551530944175,0.0091404713785645,0.0,0.0,0.0,0.0188496472855857,0.0389642878824243,0.041563392499991,0.0077387661116143,0.0073601633885181,0.0696652977341448,0.005621697499956,0.0055958169570664,0.0023661143565969,36139008.0,29560832.0,73039872.0,519843840.0,74305536.0,33050624.0,38232064.0,36995072.0,21446656.0,5419008.0,5226496.0,5337088.0,48001024.0,105840640.0,190894080.0,40501248.0,32030720.0,304152576.0,16949248.0,17711104.0,12521472.0,1.0,0.0,0.0,0.0,1.0,0.0,0.0,8.0,20.0,0.0,0.0,0.0,4.0,20.0,9.0,16.0,14.0,6.0,8.0,1.0,1.0,0,0,0,0,0,0,0,0,0,resource
2025-03-22 20:06:23,0.950280251348601,3158671360.0,3997196288.0,326496530432.0,8652811853824.0,59633.84000904917,100629.29982018669,0.0114487257793489,0.0104887544220256,0.0543044989705314,0.1933008894267448,0.0380546155290352,0.0062658940772726,0.012362730091874,0.0116262807471154,0.0090706852769026,0.0,0.0,0.0,0.0211037858035068,0.0511865323481093,0.0500509854531731,0.0073476498172691,0.0074705694159607,0.0731126683905835,0.0088802613207384,0.0053582576902348,0.0018758441031914,34381824.0,30146560.0,73203712.0,492908544.0,74506240.0,33234944.0,38129664.0,36900864.0,20979712.0,5406720.0,5238784.0,5337088.0,49545216.0,42708992.0,189931520.0,40947712.0,32514048.0,307666944.0,18227200.0,17678336.0,12521472.0,1.0,0.0,0.0,0.0,1.0,0.0,0.0,8.0,20.0,0.0,0.0,0.0,4.0,21.0,9.0,16.0,14.0,6.0,8.0,1.0,1.0,0,0,0,0,0,0,0,0,0,resource
2025-03-22 20:05:53,1.00280986575086,3180568576.0,3997196288.0,326495268864.0,8652811853824.0,61437.33609116453,102305.97096472056,0.0106055633194304,0.0112689716349052,0.0552598746418234,0.2199494033516791,0.0409015440182785,0.0061642970374858,0.0117841404041003,0.0116498991138661,0.0095595340492807,0.0,0.0,0.0,0.0223523065511472,0.0507757718776565,0.0534887757700042,0.0079277464932936,0.0074593390809442,0.0737298454555752,0.0092267483750118,0.005711420950621,0.0018220322574,34324480.0,30277632.0,73056256.0,492425216.0,74305536.0,33206272.0,37818368.0,36900864.0,20893696.0,5406720.0,5230592.0,5337088.0,48783360.0,43085824.0,188850176.0,40837120.0,32522240.0,304996352.0,17645568.0,17678336.0,12525568.0,1.0,0.0,0.0,0.0,1.0,0.0,0.0,8.0,20.0,0.0,0.0,0.0,4.0,21.0,9.0,16.0,14.0,6.0,8.0,1.0,1.0,0,0,0,0,0,0,0,0,0,resource
2025-03-22 20:03:23,0.9622631034745988,3201740800.0,3997196288.0,326490423296.0,8652811853824.0,57182.348736667525,95666.57876657668,0.008263053964267,0.010962290853848,0.0541786063307798,0.2205375904051194,0.0464145996936112,0.0053299637842424,0.0104965105750292,0.0102460296360011,0.009002458993892,0.0,0.0,0.0,0.0126138961979268,0.033166433078114,0.0482880502082431,0.0098026639385981,0.0074414460118599,0.0716303389836507,0.0039853134448132,0.0029991269329897,0.0037872826793543,36474880.0,29163520.0,74612736.0,520941568.0,72970240.0,32219136.0,38907904.0,37867520.0,22360064.0,5513216.0,5345280.0,5443584.0,49606656.0,45969408.0,190586880.0,41996288.0,34385920.0,314286080.0,17412096.0,17973248.0,12750848.0,1.0,0.0,0.0,0.0,1.0,0.0,0.0,8.0,20.0,0.0,0.0,0.0,4.0,20.0,9.0,16.0,14.0,6.0,8.0,1.0,1.0,0,0,0,0,0,0,0,0,0,resource
2025-03-22 20:03:38,0.8794298545348057,3201740800.0,3997196288.0,326490423296.0,8652811853824.0,56414.67929317583,96364.03397442156,0.008181265680662,0.0110680335949447,0.0531065520329318,0.2165101060090348,0.0481006555831248,0.0053118871192717,0.0105365857571717,0.0102983856246641,0.0086558665579007,0.0,0.0,0.0,0.0205906390266134,0.01082159866703,0.0456426606162783,0.0089984516875,0.0082801390484291,0.0678268552840881,0.0040726516193489,0.0028901033763985,0.0026118152123191,36569088.0,29360128.0,74612736.0,521121792.0,73203712.0,32796672.0,38854656.0,37797888.0,22392832.0,5505024.0,5332992.0,5439488.0,47648768.0,44924928.0,190451712.0,41996288.0,34254848.0,304574464.0,17412096.0,17973248.0,12734464.0,1.0,0.0,0.0,0.0,1.0,0.0,0.0,8.0,20.0,0.0,0.0,0.0,4.0,20.0,9.0,16.0,14.0,6.0,8.0,1.0,1.0,0,0,0,0,0,0,0,0,0,resource
2025-03-22 20:41:09,0.9928260759916044,3314188288.0,3997196288.0,326350557184.0,8652811853824.0,63889.97008601726,104540.83394441663,0.0094899114034593,0.0127015832942349,0.0561147703209979,0.2436984146596036,0.0502830445652389,0.0064031978649943,0.0149752875306272,0.0156651107714471,0.0101429344265167,0.0,0.0,0.0,0.013122288440719,0.0314081930401593,0.0380519494149501,0.0093653735179388,0.011586843956054,0.0869180165213781,0.0035248391197834,0.0030234326314877,0.0023662542727589,35532800.0,28127232.0,69246976.0,527900672.0,76083200.0,30154752.0,41197568.0,35680256.0,25374720.0,4833280.0,4706304.0,4825088.0,54300672.0,47644672.0,184274944.0,38719488.0,34713600.0,323624960.0,21573632.0,16760832.0,11915264.0,1.0,0.0,0.0,0.0,1.0,0.0,0.0,11.0,21.0,0.0,0.0,0.0,4.0,29.0,9.0,17.0,15.0,6.0,8.0,1.0,1.0,0,0,0,0,0,0,0,0,0,network
2025-03-22 20:03:53,0.8707210083566996,3194372096.0,3997196288.0,326491627520.0,8652811853824.0,56045.621755184766,97552.23979011078,0.0082905443845707,0.0111345805261744,0.0532637349238088,0.2052782114747043,0.0475804125886669,0.006181141062782,0.0103977905991085,0.0106531694929661,0.0097130347030285,0.0,0.0,0.0,0.0197376710405566,0.0,0.0484352610872415,0.0093570710216851,0.0078548589099614,0.0659293744510236,0.0028070996116907,0.0029875956165282,0.0026296537965703,36442112.0,29483008.0,74760192.0,521412608.0,73203712.0,32907264.0,39116800.0,37773312.0,21979136.0,5505024.0,5328896.0,5439488.0,47509504.0,44761088.0,190963712.0,41951232.0,34271232.0,306094080.0,17031168.0,17952768.0,12722176.0,1.0,0.0,0.0,0.0,1.0,0.0,0.0,8.0,20.0,0.0,0.0,0.0,4.0,20.0,9.0,16.0,14.0,6.0,8.0,1.0,1.0,0,0,0,0,0,0,0,0,0,resource
2025-03-22 20:40:54,0.9620691558351976,3314188288.0,3997196288.0,326350557184.0,8652811853824.0,63102.74029307064,101878.6047410106,0.0093367131745791,0.0124741603560699,0.0540608702197938,0.2500618601689093,0.049458795640593,0.006648543102406,0.0140108340486758,0.015454287520935,0.0099775448918305,0.0,0.0,0.0,0.0136392046851833,0.0307435756157611,0.0401198870292741,0.0097352944717497,0.0118636252031795,0.0844763650267829,0.0033300624685861,0.0031585129822753,0.0023630563948159,35491840.0,28127232.0,68366336.0,526307328.0,70139904.0,30154752.0,40808448.0,35213312.0,25329664.0,4833280.0,4706304.0,4825088.0,54181888.0,47644672.0,184172544.0,38461440.0,34713600.0,321118208.0,20283392.0,16760832.0,11915264.0,1.0,0.0,0.0,0.0,1.0,0.0,0.0,11.0,21.0,0.0,0.0,0.0,4.0,29.0,9.0,17.0,15.0,6.0,8.0,1.0,1.0,0,0,0,0,0,0,0,0,0,network
2025-03-22 20:39:24,0.8777138687717831,3262988288.0,3997196288.0,326346801152.0,8652811853824.0,60029.82247785825,100008.5889046721,0.007336185318761,0.0117439276295742,0.0507168703384965,0.2414158059896355,0.0445812246533171,0.0057536188875708,0.0117168592145187,0.0136767627438287,0.0084927008223509,0.0,0.0,0.0,0.0114418838426918,0.0315256045326586,0.0450863709834276,0.010048084956671,0.0092009318310532,0.0874534139965381,0.0034611408774685,0.0028491634196653,0.0029566232296621,34111488.0,28868608.0,67829760.0,538763264.0,76906496.0,34320384.0,43102208.0,36741120.0,26587136.0,4833280.0,4706304.0,4825088.0,58417152.0,3411968.0,188952576.0,42156032.0,35725312.0,336408576.0,20611072.0,17305600.0,12046336.0,1.0,0.0,0.0,0.0,1.0,0.0,0.0,11.0,21.0,0.0,0.0,0.0,4.0,28.0,9.0,17.0,15.0,6.0,8.0,1.0,1.0,0,0,0,0,0,0,0,0,0,network
2025-03-22 20:41:24,0.957211735070844,3301072896.0,3997196288.0,326351876096.0,8652811853824.0,63520.89927179879,105548.02038551022,0.0084148378913715,0.0119482911417822,0.0568633664171245,0.2374178221536128,0.0487656369918346,0.0063631409327796,0.012842250784363,0.0140836577320712,0.0099434475706565,0.0,0.0,0.0,0.0128246360297956,0.0302103933931877,0.0390995293879595,0.0089156066368958,0.0087622731993839,0.0835091881326904,0.0027212364137117,0.003116436005177,0.0038603329687434,35635200.0,28536832.0,69115904.0,527900672.0,76083200.0,30339072.0,41418752.0,35524608.0,25374720.0,4833280.0,4706304.0,4825088.0,54300672.0,41930752.0,184549376.0,39677952.0,34807808.0,323624960.0,21516288.0,16760832.0,11915264.0,1.0,0.0,0.0,0.0,1.0,0.0,0.0,11.0,21.0,0.0,0.0,0.0,4.0,29.0,9.0,17.0,15.0,6.0,8.0,1.0,1.0,0,0,0,0,0,0,0,0,0,network
2025-03-22 20:39:09,0.9686609686609658,3245219840.0,3997196288.0,326345555968.0,8652811853824.0,61103.452960401184,101141.04504840198,0.0074449289116372,0.0121845320602223,0.0554417333475205,0.2468006976858631,0.044982887528083,0.0065074240719909,0.0134579825393263,0.0138539205706709,0.0088691463573386,0.0,0.0,0.0,0.0120127784401722,0.0299051853053718,0.0464087650496987,0.0102148458852653,0.0095113205824776,0.0899303749869928,0.0041681315458135,0.0028300862300314,0.0043587598041045,34131968.0,28909568.0,67567616.0,538079232.0,77451264.0,35479552.0,42950656.0,36913152.0,26624000.0,4833280.0,4706304.0,4825088.0,59629568.0,3411968.0,194387968.0,41811968.0,36241408.0,334262272.0,20918272.0,17309696.0,12046336.0,1.0,0.0,0.0,0.0,1.0,0.0,0.0,11.0,21.0,0.0,0.0,0.0,4.0,28.0,9.0,17.0,15.0,6.0,8.0,1.0,1.0,0,0,0,0,0,0,0,0,0,network
2025-03-22 20:38:09,1.044455182411211,3256786944.0,3997196288.0,326344265728.0,8652811853824.0,62038.22869568218,103374.8973181928,0.0110673822555342,0.0178943470229599,0.0610661037394449,0.242364596575944,0.0418559717638681,0.0066304835438291,0.0156805602395729,0.0128592204819533,0.0066244675987198,0.0,0.0,0.0,0.0110683302489611,0.03071853557081,0.0547107348315538,0.0111203811468554,0.0116065494809493,0.0823742735672891,0.0041730647082175,0.0028609647357944,0.0035794053242572,35155968.0,27811840.0,68399104.0,488562688.0,75841536.0,34263040.0,43651072.0,36487168.0,26673152.0,4833280.0,4698112.0,4825088.0,58974208.0,3411968.0,198262784.0,41422848.0,36028416.0,342388736.0,21155840.0,17317888.0,12042240.0,1.0,0.0,0.0,0.0,1.0,0.0,0.0,11.0,21.0,0.0,0.0,0.0,4.0,28.0,9.0,17.0,15.0,6.0,8.0,1.0,1.0,0,0,0,0,0,0,0,0,0,network
2025-03-22 20:39:54,0.8784455271984436,3313803264.0,3997196288.0,326348034048.0,8652811853824.0,60337.37180637414,98800.33885905948,0.0080159086184282,0.0115847551158751,0.0531045951153505,0.2326905238609066,0.0462770338679173,0.0045199913562757,0.0116731590451788,0.0136336798351569,0.0087324229250672,0.0,0.0,0.0,0.0111587667397727,0.0,0.0392744028038242,0.0075548988576128,0.0088586105264666,0.0824390604078198,0.0032445109683506,0.0036561476375224,0.0021537227633917,34250752.0,28893184.0,71974912.0,535838720.0,76390400.0,33931264.0,41922560.0,36270080.0,25976832.0,4833280.0,4706304.0,4825088.0,59056128.0,3411968.0,187973632.0,41742336.0,35291136.0,334102528.0,20254720.0,16990208.0,11952128.0,1.0,0.0,0.0,0.0,1.0,0.0,0.0,11.0,21.0,0.0,0.0,0.0,4.0,28.0,9.0,17.0,15.0,6.0,8.0,1.0,1.0,0,0,0,0,0,0,0,0,0,network
2025-03-22 20:04:38,0.9245802861312942,3261177856.0,3997196288.0,326495629312.0,8652811853824.0,56919.55776870665,96519.668599705,0.0103881082858786,0.009742537389427,0.0525430077271364,0.2085131801119501,0.0379155557525406,0.0062698594386361,0.0112516272342184,0.0103645997201009,0.0096141258225201,0.0,0.0,0.0,0.0187679777729738,0.0405665615819128,0.0430589199220431,0.007298760729633,0.0076742727214629,0.0721761117435973,0.0075132795669021,0.0055059104915524,0.0023773403714727,34185216.0,30130176.0,73039872.0,516882432.0,74305536.0,33181696.0,37638144.0,35893248.0,20930560.0,5402624.0,5226496.0,5337088.0,47648768.0,105840640.0,186593280.0,40173568.0,31764480.0,302989312.0,16842752.0,17678336.0,12521472.0,1.0,0.0,0.0,0.0,1.0,0.0,0.0,8.0,20.0,0.0,0.0,0.0,4.0,21.0,9.0,16.0,14.0,6.0,8.0,1.0,1.0,0,0,0,0,0,0,0,0,0,resource
2025-03-22 20:38:39,1.0135179741290596,3256786944.0,3997196288.0,326344265728.0,8652811853824.0,61010.81903933454,100771.53031544528,0.0111117951747491,0.0123739695876966,0.060773585132802,0.2136251923897279,0.0407364377360523,0.0065128283027963,0.0172175233555437,0.0153266718218266,0.0061501044046433,0.0,0.0,0.0,0.0133191861645217,0.0319767174730998,0.0468363298359806,0.0109770561077578,0.0094688140991319,0.0901251704910485,0.0043764022853667,0.002828737964803,0.003506376561527,35151872.0,28233728.0,68612096.0,490598400.0,76451840.0,34869248.0,43991040.0,36597760.0,26705920.0,4833280.0,4698112.0,4825088.0,59703296.0,3411968.0,198299648.0,41955328.0,36151296.0,334184448.0,20570112.0,17317888.0,12038144.0,1.0,0.0,0.0,0.0,1.0,0.0,0.0,11.0,21.0,0.0,0.0,0.0,4.0,28.0,9.0,17.0,15.0,6.0,8.0,1.0,1.0,0,0,0,0,0,0,0,0,0,network
2025-03-22 20:41:54,0.9722678392717062,3301072896.0,3997196288.0,326351876096.0,8652811853824.0,63125.20624273079,103671.33699386004,0.0087749599068275,0.011979495913153,0.0519488479274487,0.2325880464476127,0.0515679532770643,0.0053769006167484,0.0124188374018379,0.0138060055561105,0.0101148576638919,0.0,0.0,0.0,0.0116402787612537,0.0317902083528658,0.0383239189767457,0.0076449570928711,0.0096666664229575,0.0745405420169978,0.0028137765664985,0.0034180356696948,0.0028826296856919,35622912.0,28151808.0,68407296.0,527749120.0,76120064.0,33460224.0,39530496.0,35008512.0,25034752.0,4833280.0,4706304.0,4825088.0,55304192.0,36368384.0,185040896.0,39227392.0,34484224.0,322285568.0,20119552.0,16773120.0,11874304.0,1.0,0.0,0.0,0.0,1.0,0.0,0.0,11.0,21.0,0.0,0.0,0.0,4.0,29.0,9.0,17.0,15.0,6.0,8.0,1.0,1.0,0,0,0,0,0,0,0,0,0,network
2025-03-22 20:04:53,0.9245802861312942,3261177856.0,3997196288.0,326495629312.0,8652811853824.0,56919.55776870665,96519.668599705,0.0104807415811311,0.0101636776335563,0.0550642339084688,0.2180329090365598,0.040342838000804,0.0078892059523189,0.0110277624381713,0.0099956611329177,0.0096591094144892,0.0,0.0,0.0,0.0212272139592972,0.0515426473168408,0.0442495181847573,0.0070154514199826,0.0078715945276165,0.0731210476681325,0.0087322091297409,0.0057789132533953,0.0025409228320847,34189312.0,30134272.0,72679424.0,516108288.0,73547776.0,33202176.0,37634048.0,36601856.0,20963328.0,5402624.0,5226496.0,5337088.0,47824896.0,43286528.0,186847232.0,40157184.0,32243712.0,302989312.0,17223680.0,17678336.0,12521472.0,1.0,0.0,0.0,0.0,1.0,0.0,0.0,8.0,20.0,0.0,0.0,0.0,4.0,21.0,9.0,16.0,14.0,6.0,8.0,1.0,1.0,0,0,0,0,0,0,0,0,0,resource
2025-03-22 20:05:38,0.9847699185948504,3180568576.0,3997196288.0,326495268864.0,8652811853824.0,60272.99339948874,99226.9146858774,0.0108333511187725,0.0115587548196479,0.0566914511880675,0.2558267743123347,0.039301696198977,0.0064033962978034,0.0121148600210932,0.0117117605042251,0.0096763211634114,0.0,0.0,0.0,0.0224445165358737,0.0513785473871314,0.0535556439534361,0.0081436461367441,0.0075909161526647,0.076908730881216,0.0092142264279135,0.0056986803250313,0.0033653375302465,34324480.0,30277632.0,73056256.0,492392448.0,74133504.0,33206272.0,37634048.0,36896768.0,20852736.0,5406720.0,5230592.0,5337088.0,48783360.0,43184128.0,188801024.0,40837120.0,32522240.0,323379200.0,17653760.0,17678336.0,12525568.0,1.0,0.0,0.0,0.0,1.0,0.0,0.0,8.0,20.0,0.0,0.0,0.0,4.0,21.0,9.0,16.0,14.0,6.0,8.0,1.0,1.0,0,0,0,0,0,0,0,0,0,resource
2025-03-22 20:06:38,0.9189361584114472,3159875584.0,3997196288.0,326497705984.0,8652811853824.0,59150.840312829336,98259.55405180543,0.0121185350955527,0.0101470224524684,0.0546258126337459,0.1994898962402799,0.0382780766184204,0.0064078633438187,0.0113345592171204,0.0125803817541648,0.0095431945979552,0.0,0.0,0.0,0.0226225381470767,0.048747609146201,0.051622654656636,0.0069843053485448,0.0074237890767073,0.0680465203454837,0.0090859560955308,0.0059661563055551,0.0018786776865394,35131392.0,30146560.0,73314304.0,494194688.0,74514432.0,33959936.0,38260736.0,37527552.0,21336064.0,5406720.0,5238784.0,5337088.0,49700864.0,42614784.0,190214144.0,40947712.0,32526336.0,308039680.0,18792448.0,18038784.0,12525568.0,1.0,0.0,0.0,0.0,1.0,0.0,0.0,8.0,20.0,0.0,0.0,0.0,4.0,21.0,9.0,16.0,14.0,6.0,8.0,1.0,1.0,0,0,0,0,0,0,0,0,0,resource
2025-03-22 20:40:39,0.9621370301087488,3361468416.0,3997196288.0,326351089664.0,8652811853824.0,62747.77813137938,103048.54734423631,0.0080317025797966,0.0125345676629435,0.0562510504100915,0.2331444739809611,0.0481780565434543,0.0066010053320509,0.0132145348108755,0.0147139016114441,0.0084363620411817,0.0,0.0,0.0,0.0112742382203538,0.0309822421367072,0.0385013008845732,0.0089920230610921,0.0114113431980049,0.0847258027275243,0.0033903995221481,0.0030870796647926,0.0021698542501507,34562048.0,28233728.0,68366336.0,523694080.0,70139904.0,30076928.0,39698432.0,32583680.0,25120768.0,4833280.0,4706304.0,4825088.0,58781696.0,47648768.0,176640000.0,38125568.0,34488320.0,315695104.0,20279296.0,16760832.0,11911168.0,1.0,0.0,0.0,0.0,1.0,0.0,0.0,11.0,21.0,0.0,0.0,0.0,4.0,29.0,9.0,17.0,15.0,6.0,8.0,1.0,1.0,0,0,0,0,0,0,0,0,0,network
