timestamp,node_cpu_usage_unknown,node_memory_usage_unknown,node_memory_total_unknown,node_disk_usage_unknown,node_disk_total_unknown,node_network_receive_bytes_unknown,node_network_transmit_bytes_unknown,pod_cpu_usage_kube-system_coredns-787d4945fb-9f95l,pod_cpu_usage_kube-system_coredns-787d4945fb-vpn8b,pod_cpu_usage_kube-system_etcd-minikube,pod_cpu_usage_kube-system_kube-apiserver-minikube,pod_cpu_usage_kube-system_kube-controller-manager-minikube,pod_cpu_usage_kube-system_kube-proxy-wx9p5,pod_cpu_usage_kube-system_kube-scheduler-minikube,pod_cpu_usage_kube-system_metrics-server-79467ff588-gnd4r,pod_cpu_usage_kube-system_storage-provisioner,pod_cpu_usage_ml-scenarios_stress-test-1742647808-5ba4b,pod_cpu_usage_ml-scenarios_stress-test-1742647815-5a406,pod_cpu_usage_ml-scenarios_stress-test-1742647816-f5fd3,pod_cpu_usage_monitoring_alertmanager-prometheus-kube-prometheus-alertmanager-0,pod_cpu_usage_monitoring_ml-predictor-547cb544b7-5j269,pod_cpu_usage_monitoring_prometheus-grafana-894dc54f-lbz6t,pod_cpu_usage_monitoring_prometheus-kube-prometheus-operator-74c7bdffd-8cltl,pod_cpu_usage_monitoring_prometheus-kube-state-metrics-5454b84d8c-x8nxn,pod_cpu_usage_monitoring_prometheus-prometheus-kube-prometheus-prometheus-0,pod_cpu_usage_monitoring_prometheus-prometheus-node-exporter-q999l,pod_cpu_usage_monitoring_thanos-query-8485c5c7fb-kjrq7,pod_cpu_usage_monitoring_thanos-query-frontend-5b76db67c4-lt92s,pod_memory_usage_kube-system_coredns-787d4945fb-9f95l,pod_memory_usage_kube-system_coredns-787d4945fb-vpn8b,pod_memory_usage_kube-system_etcd-minikube,pod_memory_usage_kube-system_kube-apiserver-minikube,pod_memory_usage_kube-system_kube-controller-manager-minikube,pod_memory_usage_kube-system_kube-proxy-wx9p5,pod_memory_usage_kube-system_kube-scheduler-minikube,pod_memory_usage_kube-system_metrics-server-79467ff588-gnd4r,pod_memory_usage_kube-system_storage-provisioner,pod_memory_usage_ml-scenarios_stress-test-1742647808-5ba4b,pod_memory_usage_ml-scenarios_stress-test-1742647815-5a406,pod_memory_usage_ml-scenarios_stress-test-1742647816-f5fd3,pod_memory_usage_monitoring_alertmanager-prometheus-kube-prometheus-alertmanager-0,pod_memory_usage_monitoring_ml-predictor-547cb544b7-5j269,pod_memory_usage_monitoring_prometheus-grafana-894dc54f-lbz6t,pod_memory_usage_monitoring_prometheus-kube-prometheus-operator-74c7bdffd-8cltl,pod_memory_usage_monitoring_prometheus-kube-state-metrics-5454b84d8c-x8nxn,pod_memory_usage_monitoring_prometheus-prometheus-kube-prometheus-prometheus-0,pod_memory_usage_monitoring_prometheus-prometheus-node-exporter-q999l,pod_memory_usage_monitoring_thanos-query-8485c5c7fb-kjrq7,pod_memory_usage_monitoring_thanos-query-frontend-5b76db67c4-lt92s,pod_restarts_kube-system_coredns-787d4945fb-9f95l,pod_restarts_kube-system_coredns-787d4945fb-vpn8b,pod_restarts_kube-system_etcd-minikube,pod_restarts_kube-system_kube-apiserver-minikube,pod_restarts_kube-system_kube-controller-manager-minikube,pod_restarts_kube-system_kube-proxy-wx9p5,pod_restarts_kube-system_kube-scheduler-minikube,pod_restarts_kube-system_metrics-server-79467ff588-gnd4r,pod_restarts_kube-system_storage-provisioner,pod_restarts_ml-scenarios_stress-test-1742647808-5ba4b,pod_restarts_ml-scenarios_stress-test-1742647815-5a406,pod_restarts_ml-scenarios_stress-test-1742647816-f5fd3,pod_restarts_monitoring_alertmanager-prometheus-kube-prometheus-alertmanager-0,pod_restarts_monitoring_ml-predictor-547cb544b7-5j269,pod_restarts_monitoring_prometheus-grafana-894dc54f-lbz6t,pod_restarts_monitoring_prometheus-kube-prometheus-operator-74c7bdffd-8cltl,pod_restarts_monitoring_prometheus-kube-state-metrics-5454b84d8c-x8nxn,pod_restarts_monitoring_prometheus-prometheus-kube-prometheus-prometheus-0,pod_restarts_monitoring_prometheus-prometheus-node-exporter-q999l,pod_restarts_monitoring_thanos-query-8485c5c7fb-kjrq7,pod_restarts_monitoring_thanos-query-frontend-5b76db67c4-lt92s,event_normal_count,event_warning_count,event_error_count,event_reason_killing,event_reason_created,event_reason_started,event_reason_backoff,event_reason_failed,event_reason_unhealthy,cluster_issue_type
2025-03-22 20:03:08,1.018188914910226,3186671616.0,3997196288.0,326489219072.0,8652811853824.0,57347.0413739266,97620.47619047617,0.008408170294654897,0.010857219819635845,0.05608863174159925,0.22788640680783903,0.048263440089585566,0.0054430883456158706,0.012035525573931633,0.0100044944471563,0.008947781762987576,0.0,0.0,0.0,0.012324131323055147,0.03438014820664116,0.047578233326088785,0.010040049414713384,0.0075817300115172785,0.0750627695022618,0.005889676165757169,0.002979799111111131,0.0038084479922559328,36589568.0,29204480.0,74481664.0,520847360.0,73043968.0,32317440.0,39096320.0,37867520.0,22536192.0,5521408.0,5345280.0,5459968.0,49655808.0,46350336.0,189050880.0,43102208.0,34521088.0,313225216.0,17612800.0,18006016.0,12746752.0,1.0,0.0,0.0,0.0,1.0,0.0,0.0,8.0,20.0,0.0,0.0,0.0,4.0,20.0,9.0,16.0,14.0,6.0,8.0,1.0,1.0,6,75,0,0,1,1,1,0,1,resource
2025-03-22 20:03:23,0.9622631034745989,3201740800.0,3997196288.0,326490423296.0,8652811853824.0,57182.348736667525,95666.57876657668,0.008263053964267063,0.01096229085384802,0.05417860633077989,0.2205375904051194,0.04641459969361124,0.005329963784242438,0.010496510575029256,0.010246029636001148,0.009002458993892012,0.0,0.0,0.0,0.012613896197926808,0.03316643307811404,0.04828805020824318,0.009802663938598128,0.007441446011859904,0.07163033898365079,0.003985313444813212,0.002999126932989706,0.0037872826793543613,36474880.0,29163520.0,74612736.0,520941568.0,72970240.0,32219136.0,38907904.0,37867520.0,22360064.0,5513216.0,5345280.0,5443584.0,49606656.0,45969408.0,190586880.0,41996288.0,34385920.0,314286080.0,17412096.0,17973248.0,12750848.0,1.0,0.0,0.0,0.0,1.0,0.0,0.0,8.0,20.0,0.0,0.0,0.0,4.0,20.0,9.0,16.0,14.0,6.0,8.0,1.0,1.0,0,0,0,0,0,0,0,0,0,resource
2025-03-22 20:03:38,0.8794298545348057,3201740800.0,3997196288.0,326490423296.0,8652811853824.0,56414.67929317583,96364.03397442157,0.008181265680662072,0.011068033594944795,0.053106552032931804,0.2165101060090348,0.048100655583124825,0.005311887119271738,0.010536585757171736,0.010298385624664123,0.008655866557900785,0.0,0.0,0.0,0.02059063902661345,0.010821598667030004,0.04564266061627834,0.008998451687500048,0.008280139048429178,0.06782685528408815,0.0040726516193489125,0.0028901033763985883,0.0026118152123191644,36569088.0,29360128.0,74612736.0,521121792.0,73203712.0,32796672.0,38854656.0,37797888.0,22392832.0,5505024.0,5332992.0,5439488.0,47648768.0,44924928.0,190451712.0,41996288.0,34254848.0,304574464.0,17412096.0,17973248.0,12734464.0,1.0,0.0,0.0,0.0,1.0,0.0,0.0,8.0,20.0,0.0,0.0,0.0,4.0,20.0,9.0,16.0,14.0,6.0,8.0,1.0,1.0,0,0,0,0,0,0,0,0,0,resource
2025-03-22 20:03:53,0.8707210083566996,3194372096.0,3997196288.0,326491627520.0,8652811853824.0,56045.621755184766,97552.23979011078,0.008290544384570789,0.011134580526174493,0.05326373492380885,0.2052782114747043,0.047580412588666944,0.006181141062782047,0.01039779059910859,0.010653169492966122,0.009713034703028513,0.0,0.0,0.0,0.019737671040556695,0.0,0.04843526108724155,0.009357071021685124,0.007854858909961447,0.06592937445102366,0.002807099611690739,0.00298759561652822,0.0026296537965703514,36442112.0,29483008.0,74760192.0,521412608.0,73203712.0,32907264.0,39116800.0,37773312.0,21979136.0,5505024.0,5328896.0,5439488.0,47509504.0,44761088.0,190963712.0,41951232.0,34271232.0,306094080.0,17031168.0,17952768.0,12722176.0,1.0,0.0,0.0,0.0,1.0,0.0,0.0,8.0,20.0,0.0,0.0,0.0,4.0,20.0,9.0,16.0,14.0,6.0,8.0,1.0,1.0,0,0,0,0,0,0,0,0,0,resource
2025-03-22 20:04:08,0.7926032027289142,3194372096.0,3997196288.0,326491627520.0,8652811853824.0,56479.320425105085,95912.66455649269,0.008319841628879924,0.009489043673899633,0.04890837533949864,0.20390387205446078,0.03958475290437396,0.00636718071583269,0.010227578950259475,0.01064762439479167,0.009602128318188411,0.0,0.0,0.0,0.019580463414634153,0.01307316454896237,0.04868038608165219,0.00767187762388253,0.007458380905000971,0.06645769436503458,0.005604045957023059,0.003120970074174499,0.0024825469104027766,36429824.0,29667328.0,74895360.0,521482240.0,73719808.0,33611776.0,38748160.0,37699584.0,21872640.0,5505024.0,5324800.0,5439488.0,48001024.0,83394560.0,191074304.0,41365504.0,33841152.0,306835456.0,17113088.0,17952768.0,12713984.0,1.0,0.0,0.0,0.0,1.0,0.0,0.0,8.0,20.0,0.0,0.0,0.0,4.0,20.0,9.0,16.0,14.0,6.0,8.0,1.0,1.0,0,0,0,0,0,0,0,0,0,resource
2025-03-22 20:04:23,0.7926032027289142,3194372096.0,3997196288.0,326491627520.0,8652811853824.0,56479.320425105085,95912.66455649269,0.00907930565707277,0.009624099855977024,0.05229884224734258,0.20370333573441346,0.03904427858500788,0.006208742945064634,0.010784915597988415,0.009955153094417512,0.00914047137856459,0.0,0.0,0.0,0.01884964728558577,0.038964287882424335,0.04156339249999104,0.007738766111614314,0.007360163388518151,0.0696652977341448,0.005621697499956085,0.00559581695706649,0.002366114356596909,36139008.0,29560832.0,73039872.0,519843840.0,74305536.0,33050624.0,38232064.0,36995072.0,21446656.0,5419008.0,5226496.0,5337088.0,48001024.0,105840640.0,190894080.0,40501248.0,32030720.0,304152576.0,16949248.0,17711104.0,12521472.0,1.0,0.0,0.0,0.0,1.0,0.0,0.0,8.0,20.0,0.0,0.0,0.0,4.0,20.0,9.0,16.0,14.0,6.0,8.0,1.0,1.0,0,0,0,0,0,0,0,0,0,resource
2025-03-22 20:04:38,0.9245802861312942,3261177856.0,3997196288.0,326495629312.0,8652811853824.0,56919.55776870665,96519.668599705,0.010388108285878665,0.009742537389427089,0.05254300772713642,0.20851318011195016,0.03791555575254069,0.00626985943863611,0.011251627234218419,0.010364599720100983,0.00961412582252014,0.0,0.0,0.0,0.018767977772973853,0.04056656158191289,0.043058919922043165,0.007298760729633045,0.007674272721462959,0.07217611174359737,0.007513279566902109,0.005505910491552407,0.002377340371472741,34185216.0,30130176.0,73039872.0,516882432.0,74305536.0,33181696.0,37638144.0,35893248.0,20930560.0,5402624.0,5226496.0,5337088.0,47648768.0,105840640.0,186593280.0,40173568.0,31764480.0,302989312.0,16842752.0,17678336.0,12521472.0,1.0,0.0,0.0,0.0,1.0,0.0,0.0,8.0,20.0,0.0,0.0,0.0,4.0,21.0,9.0,16.0,14.0,6.0,8.0,1.0,1.0,0,0,0,0,0,0,0,0,0,resource
2025-03-22 20:04:53,0.9245802861312942,3261177856.0,3997196288.0,326495629312.0,8652811853824.0,56919.55776870665,96519.668599705,0.010480741581131187,0.010163677633556396,0.05506423390846885,0.21803290903655986,0.04034283800080403,0.00788920595231899,0.011027762438171333,0.00999566113291778,0.009659109414489223,0.0,0.0,0.0,0.021227213959297213,0.05154264731684086,0.04424951818475738,0.007015451419982613,0.007871594527616514,0.07312104766813257,0.008732209129740976,0.005778913253395371,0.002540922832084745,34189312.0,30134272.0,72679424.0,516108288.0,73547776.0,33202176.0,37634048.0,36601856.0,20963328.0,5402624.0,5226496.0,5337088.0,47824896.0,43286528.0,186847232.0,40157184.0,32243712.0,302989312.0,17223680.0,17678336.0,12521472.0,1.0,0.0,0.0,0.0,1.0,0.0,0.0,8.0,20.0,0.0,0.0,0.0,4.0,21.0,9.0,16.0,14.0,6.0,8.0,1.0,1.0,0,0,0,0,0,0,0,0,0,resource
2025-03-22 20:05:08,1.038536878497233,3205292032.0,3997196288.0,326494093312.0,8652811853824.0,60793.11986389567,101521.34434238353,0.011013112974981478,0.01087189001949961,0.05543356951899236,0.26758647633985805,0.039991623415252704,0.007623531353367095,0.01164347748209707,0.01117993935015034,0.009664806790698704,0.0,0.0,0.0,0.021939444145993553,0.05050640155223169,0.0540530132210699,0.008148732828965536,0.007997381638076177,0.07955262204083964,0.009074181815566369,0.005579027841249241,0.002591893751573897,34193408.0,30138368.0,73043968.0,492228608.0,73555968.0,33202176.0,37629952.0,36634624.0,21041152.0,5406720.0,5230592.0,5337088.0,48111616.0,43286528.0,187744256.0,40837120.0,32243712.0,320606208.0,17289216.0,17678336.0,12525568.0,1.0,0.0,0.0,0.0,1.0,0.0,0.0,8.0,20.0,0.0,0.0,0.0,4.0,21.0,9.0,16.0,14.0,6.0,8.0,1.0,1.0,0,0,0,0,0,0,0,0,0,resource
2025-03-22 20:05:23,1.038536878497233,3205292032.0,3997196288.0,326494093312.0,8652811853824.0,60793.11986389567,101521.34434238353,0.0106148056715828,0.010577976215270525,0.056021804393018966,0.26292830197002515,0.03942801484501658,0.006213607470049343,0.011583276647197712,0.011701169670272836,0.009544506520266047,0.0,0.0,0.0,0.022664445620042644,0.051409924999999995,0.052866635425118345,0.008148732828965536,0.007877893627445785,0.0758344345226689,0.00885648128428131,0.005350038452026427,0.0034886771292491213,34193408.0,30273536.0,73244672.0,492363776.0,73900032.0,33210368.0,37634048.0,36896768.0,20852736.0,5406720.0,5230592.0,5337088.0,48771072.0,43286528.0,187830272.0,40837120.0,32526336.0,323379200.0,17092608.0,17678336.0,12525568.0,1.0,0.0,0.0,0.0,1.0,0.0,0.0,8.0,20.0,0.0,0.0,0.0,4.0,21.0,9.0,16.0,14.0,6.0,8.0,1.0,1.0,0,0,0,0,0,0,0,0,0,resource
2025-03-22 20:05:38,0.9847699185948504,3180568576.0,3997196288.0,326495268864.0,8652811853824.0,60272.99339948874,99226.91468587739,0.010833351118772531,0.011558754819647951,0.05669145118806753,0.25582677431233475,0.03930169619897703,0.0064033962978034134,0.01211486002109329,0.011711760504225184,0.009676321163411446,0.0,0.0,0.0,0.022444516535873763,0.05137854738713143,0.05355564395343615,0.008143646136744186,0.007590916152664752,0.07690873088121607,0.00921422642791354,0.005698680325031303,0.003365337530246524,34324480.0,30277632.0,73056256.0,492392448.0,74133504.0,33206272.0,37634048.0,36896768.0,20852736.0,5406720.0,5230592.0,5337088.0,48783360.0,43184128.0,188801024.0,40837120.0,32522240.0,323379200.0,17653760.0,17678336.0,12525568.0,1.0,0.0,0.0,0.0,1.0,0.0,0.0,8.0,20.0,0.0,0.0,0.0,4.0,21.0,9.0,16.0,14.0,6.0,8.0,1.0,1.0,0,0,0,0,0,0,0,0,0,resource
2025-03-22 20:05:53,1.00280986575086,3180568576.0,3997196288.0,326495268864.0,8652811853824.0,61437.33609116453,102305.97096472057,0.010605563319430493,0.011268971634905275,0.055259874641823414,0.2199494033516791,0.04090154401827859,0.006164297037485823,0.011784140404100361,0.01164989911386612,0.009559534049280763,0.0,0.0,0.0,0.02235230655114721,0.050775771877656556,0.05348877577000427,0.007927746493293667,0.007459339080944222,0.0737298454555752,0.009226748375011804,0.005711420950621001,0.0018220322574000669,34324480.0,30277632.0,73056256.0,492425216.0,74305536.0,33206272.0,37818368.0,36900864.0,20893696.0,5406720.0,5230592.0,5337088.0,48783360.0,43085824.0,188850176.0,40837120.0,32522240.0,304996352.0,17645568.0,17678336.0,12525568.0,1.0,0.0,0.0,0.0,1.0,0.0,0.0,8.0,20.0,0.0,0.0,0.0,4.0,21.0,9.0,16.0,14.0,6.0,8.0,1.0,1.0,0,0,0,0,0,0,0,0,0,resource
2025-03-22 20:06:08,0.9554376473852136,3158671360.0,3997196288.0,326496530432.0,8652811853824.0,60659.67193785546,103082.99694825913,0.011041122179333406,0.010579289001128242,0.05633434766543588,0.21641761127816136,0.04061220761870125,0.006206813200936122,0.01218558036550311,0.011442072988135031,0.009520217693708689,0.0,0.0,0.0,0.020887651477895192,0.05156702024381419,0.05415190952585016,0.007440053733388652,0.007490652655838839,0.07248712746476325,0.008930915142579982,0.005622889258362401,0.0018619368579127602,34291712.0,30154752.0,73203712.0,492576768.0,74485760.0,33214464.0,38125568.0,36900864.0,20901888.0,5406720.0,5230592.0,5337088.0,49545216.0,42897408.0,189784064.0,40837120.0,32518144.0,305131520.0,18227200.0,17678336.0,12525568.0,1.0,0.0,0.0,0.0,1.0,0.0,0.0,8.0,20.0,0.0,0.0,0.0,4.0,21.0,9.0,16.0,14.0,6.0,8.0,1.0,1.0,0,0,0,0,0,0,0,0,0,resource
2025-03-22 20:06:23,0.950280251348601,3158671360.0,3997196288.0,326496530432.0,8652811853824.0,59633.84000904917,100629.29982018667,0.01144872577934892,0.010488754422025617,0.054304498970531495,0.1933008894267448,0.038054615529035274,0.006265894077272665,0.012362730091874026,0.011626280747115456,0.009070685276902664,0.0,0.0,0.0,0.02110378580350685,0.051186532348109326,0.0500509854531731,0.007347649817269188,0.007470569415960784,0.07311266839058353,0.008880261320738438,0.005358257690234899,0.0018758441031914695,34381824.0,30146560.0,73203712.0,492908544.0,74506240.0,33234944.0,38129664.0,36900864.0,20979712.0,5406720.0,5238784.0,5337088.0,49545216.0,42708992.0,189931520.0,40947712.0,32514048.0,307666944.0,18227200.0,17678336.0,12521472.0,1.0,0.0,0.0,0.0,1.0,0.0,0.0,8.0,20.0,0.0,0.0,0.0,4.0,21.0,9.0,16.0,14.0,6.0,8.0,1.0,1.0,0,0,0,0,0,0,0,0,0,resource
2025-03-22 20:06:38,0.9189361584114473,3159875584.0,3997196288.0,326497705984.0,8652811853824.0,59150.840312829336,98259.55405180543,0.012118535095552796,0.010147022452468409,0.05462581263374598,0.19948989624027996,0.038278076618420476,0.0064078633438187866,0.011334559217120406,0.012580381754164855,0.009543194597955247,0.0,0.0,0.0,0.022622538147076744,0.04874760914620104,0.051622654656636,0.006984305348544897,0.007423789076707353,0.06804652034548377,0.00908595609553086,0.005966156305555174,0.0018786776865394993,35131392.0,30146560.0,73314304.0,494194688.0,74514432.0,33959936.0,38260736.0,37527552.0,21336064.0,5406720.0,5238784.0,5337088.0,49700864.0,42614784.0,190214144.0,40947712.0,32526336.0,308039680.0,18792448.0,18038784.0,12525568.0,1.0,0.0,0.0,0.0,1.0,0.0,0.0,8.0,20.0,0.0,0.0,0.0,4.0,21.0,9.0,16.0,14.0,6.0,8.0,1.0,1.0,0,0,0,0,0,0,0,0,0,resource
2025-03-22 20:06:53,0.9375389942600425,3159875584.0,3997196288.0,326497705984.0,8652811853824.0,59977.26634639381,101121.69718617419,0.01260727851208117,0.010150629175831304,0.05134289720649462,0.19878085562387549,0.03726420814727055,0.006266483134885034,0.011594960205353694,0.012235502036732635,0.009290877871009549,0.0,0.0,0.0,0.023786704050352964,0.05284194161784355,0.05118458357553825,0.007133435450705747,0.007130490171204394,0.06953917579116559,0.00898376887721602,0.00542430465087699,0.001862826365698623,35033088.0,30154752.0,73261056.0,494194688.0,74514432.0,33964032.0,38129664.0,37527552.0,21356544.0,5386240.0,5238784.0,5337088.0,49111040.0,42614784.0,190230528.0,40947712.0,32522240.0,314404864.0,18747392.0,18018304.0,12636160.0,1.0,0.0,0.0,0.0,1.0,0.0,0.0,8.0,20.0,0.0,0.0,0.0,4.0,21.0,9.0,16.0,14.0,6.0,8.0,1.0,1.0,0,0,0,0,0,0,0,0,0,resource
2025-03-22 20:07:08,0.9639038452210191,3244199936.0,3997196288.0,326498938880.0,8652811853824.0,59650.00450422358,102163.99878039486,0.011410404147519728,0.009763552496447782,0.04764694012525468,0.21563903974772217,0.03622093723729625,0.005243031840951539,0.01107252777739245,0.011358155095219345,0.005937650811905915,0.0,0.0,0.0,0.02229619448561444,0.05128555752300671,0.05173195183441762,0.006188399084278329,0.0064407920698226285,0.06715563650448146,0.008546301946497808,0.005768261123790462,0.001857549067252214,35143680.0,30093312.0,73261056.0,555212800.0,74506240.0,33964032.0,38002688.0,37527552.0,21356544.0,5386240.0,5238784.0,5337088.0,49111040.0,41213952.0,190050304.0,40833024.0,32514048.0,314404864.0,18747392.0,18018304.0,12615680.0,1.0,0.0,0.0,0.0,1.0,0.0,0.0,8.0,20.0,0.0,0.0,0.0,4.0,21.0,9.0,16.0,14.0,6.0,8.0,1.0,1.0,0,0,0,0,0,0,0,0,0,resource
